query_id,expanded_reads,unique_sectors,baseline_sector_rereads,bonus_exposures,unique_bonus_nodes,bonus_in_gt100,bonus_visited_later,bonus_in_final_topk,bonus_gt100_fraction,bonus_later_fraction,bonus_final_fraction,estimated_avoidable_reads,estimated_io_savings_fraction
0,106,106,0,424,424,0,0,0,0.0,0.0,0.0,0,0.0
1,105,104,1,419,416,1,1,0,0.002403846153846154,0.002403846153846154,0.0,1,0.009523809523809525
2,107,107,0,428,428,0,0,0,0.0,0.0,0.0,0,0.0
3,107,105,2,426,420,2,2,0,0.004761904761904762,0.004761904761904762,0.0,2,0.018691588785046728
4,107,107,0,428,428,0,0,0,0.0,0.0,0.0,0,0.0
5,105,105,0,420,420,0,0,0,0.0,0.0,0.0,0,0.0
6,109,109,0,436,436,0,0,0,0.0,0.0,0.0,0,0.0
7,108,107,1,431,428,1,1,0,0.002336448598130841,0.002336448598130841,0.0,1,0.009259259259259259
8,106,106,0,424,424,0,0,0,0.0,0.0,0.0,0,0.0
9,107,106,1,427,424,1,1,0,0.0023584905660377358,0.0023584905660377358,0.0,1,0.009345794392523364
10,106,106,0,424,424,0,0,0,0.0,0.0,0.0,0,0.0
11,107,106,1,427,424,2,1,0,0.0047169811320754715,0.0023584905660377358,0.0,1,0.009345794392523364
12,105,105,0,420,420,0,0,0,0.0,0.0,0.0,0,0.0
13,105,104,1,419,416,1,1,0,0.002403846153846154,0.002403846153846154,0.0,1,0.009523809523809525
14,109,109,0,436,436,0,0,0,0.0,0.0,0.0,0,0.0
15,109,108,1,435,432,1,1,0,0.0023148148148148147,0.0023148148148148147,0.0,1,0.009174311926605505
16,107,106,1,427,424,1,1,0,0.0023584905660377358,0.0023584905660377358,0.0,1,0.009345794392523364
17,106,106,0,424,424,0,0,0,0.0,0.0,0.0,0,0.0
18,105,105,0,420,420,0,0,0,0.0,0.0,0.0,0,0.0
19,105,105,0,420,420,0,0,0,0.0,0.0,0.0,0,0.0
20,106,106,0,424,424,0,0,0,0.0,0.0,0.0,0,0.0
21,105,103,2,418,412,2,2,0,0.0048543689320388345,0.0048543689320388345,0.0,2,0.01904761904761905
22,108,108,0,432,432,0,0,0,0.0,0.0,0.0,0,0.0
23,109,109,0,436,436,0,0,0,0.0,0.0,0.0,0,0.0
24,107,107,0,428,428,0,0,0,0.0,0.0,0.0,0,0.0
25,105,105,0,420,420,0,0,0,0.0,0.0,0.0,0,0.0
26,107,107,0,428,428,0,0,0,0.0,0.0,0.0,0,0.0
27,105,105,0,420,420,0,0,0,0.0,0.0,0.0,0,0.0
28,107,107,0,428,428,0,0,0,0.0,0.0,0.0,0,0.0
29,106,105,1,423,420,1,1,0,0.002380952380952381,0.002380952380952381,0.0,1,0.009433962264150943
30,106,106,0,424,424,0,0,0,0.0,0.0,0.0,0,0.0
31,106,105,1,423,420,1,1,0,0.002380952380952381,0.002380952380952381,0.0,1,0.009433962264150943
32,104,104,0,416,416,0,0,0,0.0,0.0,0.0,0,0.0
33,105,105,0,420,420,0,0,0,0.0,0.0,0.0,0,0.0
34,110,109,1,439,436,1,1,0,0.0022935779816513763,0.0022935779816513763,0.0,1,0.00909090909090909
35,105,105,0,420,420,0,0,0,0.0,0.0,0.0,0,0.0
36,106,106,0,424,424,0,0,0,0.0,0.0,0.0,0,0.0
37,105,104,1,419,416,1,1,0,0.002403846153846154,0.002403846153846154,0.0,1,0.009523809523809525
38,107,107,0,428,428,0,0,0,0.0,0.0,0.0,0,0.0
39,107,107,0,428,428,0,0,0,0.0,0.0,0.0,0,0.0
40,107,107,0,428,428,0,0,0,0.0,0.0,0.0,0,0.0
41,105,105,0,420,420,0,0,0,0.0,0.0,0.0,0,0.0
42,107,107,0,428,428,0,0,0,0.0,0.0,0.0,0,0.0
43,105,105,0,420,420,0,0,0,0.0,0.0,0.0,0,0.0
44,108,108,0,432,432,0,0,0,0.0,0.0,0.0,0,0.0
45,108,107,1,431,428,1,1,0,0.002336448598130841,0.002336448598130841,0.0,1,0.009259259259259259
46,107,107,0,428,428,0,0,0,0.0,0.0,0.0,0,0.0
47,103,103,0,412,412,0,0,0,0.0,0.0,0.0,0,0.0
48,106,106,0,424,424,0,0,0,0.0,0.0,0.0,0,0.0
49,105,103,2,418,412,2,2,0,0.0048543689320388345,0.0048543689320388345,0.0,2,0.01904761904761905
50,105,105,0,420,420,0,0,0,0.0,0.0,0.0,0,0.0
51,107,107,0,428,428,0,0,0,0.0,0.0,0.0,0,0.0
52,106,106,0,424,424,0,0,0,0.0,0.0,0.0,0,0.0
53,107,106,1,427,424,1,1,0,0.0023584905660377358,0.0023584905660377358,0.0,1,0.009345794392523364
54,107,107,0,428,428,0,0,0,0.0,0.0,0.0,0,0.0
55,105,105,0,420,420,0,0,0,0.0,0.0,0.0,0,0.0
56,107,107,0,428,428,0,0,0,0.0,0.0,0.0,0,0.0
57,107,106,1,427,424,1,1,0,0.0023584905660377358,0.0023584905660377358,0.0,1,0.009345794392523364
58,105,105,0,420,420,0,0,0,0.0,0.0,0.0,0,0.0
59,109,109,0,436,436,0,0,0,0.0,0.0,0.0,0,0.0
60,106,105,1,423,420,1,1,0,0.002380952380952381,0.002380952380952381,0.0,1,0.009433962264150943
61,105,105,0,420,420,0,0,0,0.0,0.0,0.0,0,0.0
62,108,107,1,431,428,1,1,0,0.002336448598130841,0.002336448598130841,0.0,1,0.009259259259259259
63,105,105,0,420,420,0,0,0,0.0,0.0,0.0,0,0.0
64,106,106,0,424,424,0,0,0,0.0,0.0,0.0,0,0.0
65,107,107,0,428,428,0,0,0,0.0,0.0,0.0,0,0.0
66,106,106,0,424,424,0,0,0,0.0,0.0,0.0,0,0.0
67,105,105,0,420,420,0,0,0,0.0,0.0,0.0,0,0.0
68,108,106,2,430,424,2,2,1,0.0047169811320754715,0.0047169811320754715,0.0023584905660377358,2,0.018518518518518517
69,108,107,1,431,428,1,1,0,0.002336448598130841,0.002336448598130841,0.0,1,0.009259259259259259
70,107,104,3,425,416,3,3,0,0.007211538461538462,0.007211538461538462,0.0,3,0.028037383177570093
71,107,107,0,428,428,0,0,0,0.0,0.0,0.0,0,0.0
72,106,106,0,424,424,0,0,0,0.0,0.0,0.0,0,0.0
73,106,106,0,424,424,0,0,0,0.0,0.0,0.0,0,0.0
74,107,106,1,427,424,1,1,0,0.0023584905660377358,0.0023584905660377358,0.0,1,0.009345794392523364
75,106,106,0,424,424,0,0,0,0.0,0.0,0.0,0,0.0
76,105,105,0,420,420,0,0,0,0.0,0.0,0.0,0,0.0
77,105,105,0,420,420,0,0,0,0.0,0.0,0.0,0,0.0
78,106,106,0,424,424,0,0,0,0.0,0.0,0.0,0,0.0
79,108,107,1,431,428,1,1,0,0.002336448598130841,0.002336448598130841,0.0,1,0.009259259259259259
80,105,105,0,420,420,0,0,0,0.0,0.0,0.0,0,0.0
81,105,104,1,419,416,1,1,0,0.002403846153846154,0.002403846153846154,0.0,1,0.009523809523809525
82,106,106,0,424,424,0,0,0,0.0,0.0,0.0,0,0.0
83,105,105,0,420,420,0,0,0,0.0,0.0,0.0,0,0.0
84,105,105,0,420,420,0,0,0,0.0,0.0,0.0,0,0.0
85,105,105,0,420,420,0,0,0,0.0,0.0,0.0,0,0.0
86,105,105,0,420,420,0,0,0,0.0,0.0,0.0,0,0.0
87,105,105,0,420,420,0,0,0,0.0,0.0,0.0,0,0.0
88,106,106,0,424,424,0,0,0,0.0,0.0,0.0,0,0.0
89,109,109,0,436,436,0,0,0,0.0,0.0,0.0,0,0.0
90,109,99,10,424,396,10,10,0,0.025252525252525252,0.025252525252525252,0.0,10,0.09174311926605505
91,105,104,1,419,416,1,1,0,0.002403846153846154,0.002403846153846154,0.0,1,0.009523809523809525
92,107,107,0,428,428,0,0,0,0.0,0.0,0.0,0,0.0
93,105,105,0,420,420,0,0,0,0.0,0.0,0.0,0,0.0
94,107,107,0,428,428,0,0,0,0.0,0.0,0.0,0,0.0
95,106,106,0,424,424,0,0,0,0.0,0.0,0.0,0,0.0
96,104,104,0,416,416,0,0,0,0.0,0.0,0.0,0,0.0
97,107,107,0,428,428,0,0,0,0.0,0.0,0.0,0,0.0
98,107,106,1,427,424,1,1,0,0.0023584905660377358,0.0023584905660377358,0.0,1,0.009345794392523364
99,105,105,0,420,420,0,0,0,0.0,0.0,0.0,0,0.0
100,105,105,0,420,420,0,0,0,0.0,0.0,0.0,0,0.0
101,108,108,0,432,432,0,0,0,0.0,0.0,0.0,0,0.0
102,105,105,0,420,420,0,0,0,0.0,0.0,0.0,0,0.0
103,107,107,0,428,428,0,0,0,0.0,0.0,0.0,0,0.0
104,105,105,0,420,420,0,0,0,0.0,0.0,0.0,0,0.0
105,105,104,1,419,416,0,1,0,0.0,0.002403846153846154,0.0,1,0.009523809523809525
106,110,109,1,439,436,1,1,0,0.0022935779816513763,0.0022935779816513763,0.0,1,0.00909090909090909
107,107,107,0,428,428,0,0,0,0.0,0.0,0.0,0,0.0
108,107,105,2,426,420,2,2,0,0.004761904761904762,0.004761904761904762,0.0,2,0.018691588785046728
109,106,106,0,424,424,0,0,0,0.0,0.0,0.0,0,0.0
110,107,106,1,427,424,1,1,0,0.0023584905660377358,0.0023584905660377358,0.0,1,0.009345794392523364
111,106,106,0,424,424,0,0,0,0.0,0.0,0.0,0,0.0
112,107,107,0,428,428,0,0,0,0.0,0.0,0.0,0,0.0
113,106,106,0,424,424,0,0,0,0.0,0.0,0.0,0,0.0
114,106,105,1,423,420,1,1,0,0.002380952380952381,0.002380952380952381,0.0,1,0.009433962264150943
115,107,107,0,428,428,0,0,0,0.0,0.0,0.0,0,0.0
116,111,111,0,444,444,0,0,0,0.0,0.0,0.0,0,0.0
117,105,104,1,419,416,1,1,0,0.002403846153846154,0.002403846153846154,0.0,1,0.009523809523809525
118,108,108,0,432,432,0,0,0,0.0,0.0,0.0,0,0.0
119,110,108,2,438,432,2,2,0,0.004629629629629629,0.004629629629629629,0.0,2,0.01818181818181818
120,107,107,0,428,428,0,0,0,0.0,0.0,0.0,0,0.0
121,105,105,0,420,420,0,0,0,0.0,0.0,0.0,0,0.0
122,105,105,0,420,420,0,0,0,0.0,0.0,0.0,0,0.0
123,107,105,2,426,420,2,2,1,0.004761904761904762,0.004761904761904762,0.002380952380952381,2,0.018691588785046728
124,107,107,0,428,428,0,0,0,0.0,0.0,0.0,0,0.0
125,107,104,3,425,416,3,3,0,0.007211538461538462,0.007211538461538462,0.0,3,0.028037383177570093
126,105,105,0,420,420,0,0,0,0.0,0.0,0.0,0,0.0
127,107,107,0,428,428,0,0,0,0.0,0.0,0.0,0,0.0
128,109,109,0,436,436,0,0,0,0.0,0.0,0.0,0,0.0
129,104,104,0,416,416,0,0,0,0.0,0.0,0.0,0,0.0
130,106,106,0,424,424,0,0,0,0.0,0.0,0.0,0,0.0
131,109,109,0,436,436,0,0,0,0.0,0.0,0.0,0,0.0
132,108,108,0,432,432,0,0,0,0.0,0.0,0.0,0,0.0
133,102,101,1,407,404,1,1,1,0.0024752475247524753,0.0024752475247524753,0.0024752475247524753,1,0.00980392156862745
134,107,107,0,428,428,0,0,0,0.0,0.0,0.0,0,0.0
135,106,106,0,424,424,0,0,0,0.0,0.0,0.0,0,0.0
136,105,105,0,420,420,0,0,0,0.0,0.0,0.0,0,0.0
137,105,104,1,419,416,1,1,0,0.002403846153846154,0.002403846153846154,0.0,1,0.009523809523809525
138,105,104,1,419,416,0,1,0,0.0,0.002403846153846154,0.0,1,0.009523809523809525
139,106,106,0,424,424,0,0,0,0.0,0.0,0.0,0,0.0
140,104,104,0,416,416,0,0,0,0.0,0.0,0.0,0,0.0
141,108,108,0,432,432,0,0,0,0.0,0.0,0.0,0,0.0
142,105,104,1,419,416,1,1,0,0.002403846153846154,0.002403846153846154,0.0,1,0.009523809523809525
143,107,107,0,428,428,0,0,0,0.0,0.0,0.0,0,0.0
144,104,104,0,416,416,0,0,0,0.0,0.0,0.0,0,0.0
145,106,106,0,424,424,0,0,0,0.0,0.0,0.0,0,0.0
146,103,103,0,412,412,0,0,0,0.0,0.0,0.0,0,0.0
147,107,107,0,428,428,0,0,0,0.0,0.0,0.0,0,0.0
148,105,105,0,420,420,0,0,0,0.0,0.0,0.0,0,0.0
149,109,109,0,436,436,0,0,0,0.0,0.0,0.0,0,0.0
150,106,106,0,424,424,0,0,0,0.0,0.0,0.0,0,0.0
151,107,105,2,426,420,2,2,0,0.004761904761904762,0.004761904761904762,0.0,2,0.018691588785046728
152,107,107,0,428,428,0,0,0,0.0,0.0,0.0,0,0.0
153,106,106,0,424,424,0,0,0,0.0,0.0,0.0,0,0.0
154,109,109,0,436,436,0,0,0,0.0,0.0,0.0,0,0.0
155,107,107,0,428,428,0,0,0,0.0,0.0,0.0,0,0.0
156,108,108,0,432,432,0,0,0,0.0,0.0,0.0,0,0.0
157,106,106,0,424,424,0,0,0,0.0,0.0,0.0,0,0.0
158,107,107,0,428,428,0,0,0,0.0,0.0,0.0,0,0.0
159,108,108,0,432,432,0,0,0,0.0,0.0,0.0,0,0.0
160,107,107,0,428,428,0,0,0,0.0,0.0,0.0,0,0.0
161,108,108,0,432,432,0,0,0,0.0,0.0,0.0,0,0.0
162,106,106,0,424,424,0,0,0,0.0,0.0,0.0,0,0.0
163,105,104,1,419,416,1,1,0,0.002403846153846154,0.002403846153846154,0.0,1,0.009523809523809525
164,108,108,0,432,432,0,0,0,0.0,0.0,0.0,0,0.0
165,109,108,1,435,432,1,1,0,0.0023148148148148147,0.0023148148148148147,0.0,1,0.009174311926605505
166,107,107,0,428,428,0,0,0,0.0,0.0,0.0,0,0.0
167,106,105,1,423,420,1,1,0,0.002380952380952381,0.002380952380952381,0.0,1,0.009433962264150943
168,107,107,0,428,428,0,0,0,0.0,0.0,0.0,0,0.0
169,108,108,0,432,432,0,0,0,0.0,0.0,0.0,0,0.0
170,107,107,0,428,428,0,0,0,0.0,0.0,0.0,0,0.0
171,107,105,2,426,420,2,2,0,0.004761904761904762,0.004761904761904762,0.0,2,0.018691588785046728
172,107,107,0,428,428,0,0,0,0.0,0.0,0.0,0,0.0
173,106,106,0,424,424,0,0,0,0.0,0.0,0.0,0,0.0
174,111,111,0,444,444,0,0,0,0.0,0.0,0.0,0,0.0
175,107,107,0,428,428,0,0,0,0.0,0.0,0.0,0,0.0
176,105,105,0,420,420,0,0,0,0.0,0.0,0.0,0,0.0
177,107,107,0,428,428,0,0,0,0.0,0.0,0.0,0,0.0
178,106,106,0,424,424,0,0,0,0.0,0.0,0.0,0,0.0
179,107,107,0,428,428,0,0,0,0.0,0.0,0.0,0,0.0
180,105,105,0,420,420,0,0,0,0.0,0.0,0.0,0,0.0
181,107,106,1,427,424,1,1,0,0.0023584905660377358,0.0023584905660377358,0.0,1,0.009345794392523364
182,107,107,0,428,428,0,0,0,0.0,0.0,0.0,0,0.0
183,107,107,0,428,428,0,0,0,0.0,0.0,0.0,0,0.0
184,105,105,0,420,420,0,0,0,0.0,0.0,0.0,0,0.0
185,107,103,4,423,412,4,4,1,0.009708737864077669,0.009708737864077669,0.0024271844660194173,4,0.037383177570093455
186,107,107,0,428,428,0,0,0,0.0,0.0,0.0,0,0.0
187,107,107,0,428,428,0,0,0,0.0,0.0,0.0,0,0.0
188,105,102,3,417,408,3,3,0,0.007352941176470588,0.007352941176470588,0.0,3,0.02857142857142857
189,106,106,0,424,424,0,0,0,0.0,0.0,0.0,0,0.0
190,107,107,0,428,428,0,0,0,0.0,0.0,0.0,0,0.0
191,107,107,0,428,428,0,0,0,0.0,0.0,0.0,0,0.0
192,106,106,0,424,424,0,0,0,0.0,0.0,0.0,0,0.0
193,107,107,0,428,428,0,0,0,0.0,0.0,0.0,0,0.0
194,106,106,0,424,424,0,0,0,0.0,0.0,0.0,0,0.0
195,107,107,0,428,428,0,0,0,0.0,0.0,0.0,0,0.0
196,105,105,0,420,420,0,0,0,0.0,0.0,0.0,0,0.0
197,106,105,1,423,420,1,1,0,0.002380952380952381,0.002380952380952381,0.0,1,0.009433962264150943
198,108,108,0,432,432,0,0,0,0.0,0.0,0.0,0,0.0
199,105,105,0,420,420,0,0,0,0.0,0.0,0.0,0,0.0
200,106,106,0,424,424,0,0,0,0.0,0.0,0.0,0,0.0
201,106,106,0,424,424,0,0,0,0.0,0.0,0.0,0,0.0
202,107,106,1,427,424,0,1,0,0.0,0.0023584905660377358,0.0,1,0.009345794392523364
203,106,106,0,424,424,0,0,0,0.0,0.0,0.0,0,0.0
204,106,106,0,424,424,0,0,0,0.0,0.0,0.0,0,0.0
205,107,107,0,428,428,0,0,0,0.0,0.0,0.0,0,0.0
206,110,110,0,440,440,0,0,0,0.0,0.0,0.0,0,0.0
207,107,107,0,428,428,0,0,0,0.0,0.0,0.0,0,0.0
208,109,109,0,436,436,0,0,0,0.0,0.0,0.0,0,0.0
209,109,108,1,435,432,1,1,0,0.0023148148148148147,0.0023148148148148147,0.0,1,0.009174311926605505
210,105,105,0,420,420,0,0,0,0.0,0.0,0.0,0,0.0
211,109,108,1,435,432,1,1,0,0.0023148148148148147,0.0023148148148148147,0.0,1,0.009174311926605505
212,107,107,0,428,428,0,0,0,0.0,0.0,0.0,0,0.0
213,105,105,0,420,420,0,0,0,0.0,0.0,0.0,0,0.0
214,105,104,1,419,416,0,1,0,0.0,0.002403846153846154,0.0,1,0.009523809523809525
215,105,105,0,420,420,0,0,0,0.0,0.0,0.0,0,0.0
216,105,105,0,420,420,0,0,0,0.0,0.0,0.0,0,0.0
217,105,105,0,420,420,0,0,0,0.0,0.0,0.0,0,0.0
218,105,105,0,420,420,0,0,0,0.0,0.0,0.0,0,0.0
219,107,107,0,428,428,0,0,0,0.0,0.0,0.0,0,0.0
220,106,106,0,424,424,0,0,0,0.0,0.0,0.0,0,0.0
221,105,104,1,419,416,1,1,0,0.002403846153846154,0.002403846153846154,0.0,1,0.009523809523809525
222,106,106,0,424,424,0,0,0,0.0,0.0,0.0,0,0.0
223,107,107,0,428,428,0,0,0,0.0,0.0,0.0,0,0.0
224,106,106,0,424,424,0,0,0,0.0,0.0,0.0,0,0.0
225,107,107,0,428,428,0,0,0,0.0,0.0,0.0,0,0.0
226,106,106,0,424,424,0,0,0,0.0,0.0,0.0,0,0.0
227,108,108,0,432,432,0,0,0,0.0,0.0,0.0,0,0.0
228,107,107,0,428,428,0,0,0,0.0,0.0,0.0,0,0.0
229,105,105,0,420,420,0,0,0,0.0,0.0,0.0,0,0.0
230,108,107,1,431,428,1,1,1,0.002336448598130841,0.002336448598130841,0.002336448598130841,1,0.009259259259259259
231,109,109,0,436,436,0,0,0,0.0,0.0,0.0,0,0.0
232,106,106,0,424,424,0,0,0,0.0,0.0,0.0,0,0.0
233,107,107,0,428,428,0,0,0,0.0,0.0,0.0,0,0.0
234,107,107,0,428,428,0,0,0,0.0,0.0,0.0,0,0.0
235,108,107,1,431,428,1,1,0,0.002336448598130841,0.002336448598130841,0.0,1,0.009259259259259259
236,107,107,0,428,428,0,0,0,0.0,0.0,0.0,0,0.0
237,106,106,0,424,424,0,0,0,0.0,0.0,0.0,0,0.0
238,105,104,1,419,416,1,1,0,0.002403846153846154,0.002403846153846154,0.0,1,0.009523809523809525
239,106,105,1,423,420,1,1,0,0.002380952380952381,0.002380952380952381,0.0,1,0.009433962264150943
240,105,105,0,420,420,0,0,0,0.0,0.0,0.0,0,0.0
241,108,106,2,430,424,0,2,0,0.0,0.0047169811320754715,0.0,2,0.018518518518518517
242,104,104,0,416,416,0,0,0,0.0,0.0,0.0,0,0.0
243,108,108,0,432,432,0,0,0,0.0,0.0,0.0,0,0.0
244,105,105,0,420,420,0,0,0,0.0,0.0,0.0,0,0.0
245,105,104,1,419,416,1,1,0,0.002403846153846154,0.002403846153846154,0.0,1,0.009523809523809525
246,105,105,0,420,420,0,0,0,0.0,0.0,0.0,0,0.0
247,107,107,0,428,428,0,0,0,0.0,0.0,0.0,0,0.0
248,106,106,0,424,424,0,0,0,0.0,0.0,0.0,0,0.0
249,103,101,2,410,404,2,2,0,0.0049504950495049506,0.0049504950495049506,0.0,2,0.019417475728155338
250,104,104,0,416,416,0,0,0,0.0,0.0,0.0,0,0.0
251,105,105,0,420,420,0,0,0,0.0,0.0,0.0,0,0.0
252,105,105,0,420,420,0,0,0,0.0,0.0,0.0,0,0.0
253,107,107,0,428,428,0,0,0,0.0,0.0,0.0,0,0.0
254,106,106,0,424,424,0,0,0,0.0,0.0,0.0,0,0.0
255,105,105,0,420,420,0,0,0,0.0,0.0,0.0,0,0.0
256,106,106,0,424,424,0,0,0,0.0,0.0,0.0,0,0.0
257,107,107,0,428,428,0,0,0,0.0,0.0,0.0,0,0.0
258,106,106,0,424,424,0,0,0,0.0,0.0,0.0,0,0.0
259,106,104,2,422,416,2,2,0,0.004807692307692308,0.004807692307692308,0.0,2,0.018867924528301886
260,107,107,0,428,428,0,0,0,0.0,0.0,0.0,0,0.0
261,105,105,0,420,420,0,0,0,0.0,0.0,0.0,0,0.0
262,104,104,0,416,416,0,0,0,0.0,0.0,0.0,0,0.0
263,107,107,0,428,428,0,0,0,0.0,0.0,0.0,0,0.0
264,106,106,0,424,424,0,0,0,0.0,0.0,0.0,0,0.0
265,108,100,8,424,400,8,8,0,0.02,0.02,0.0,8,0.07407407407407407
266,106,106,0,424,424,0,0,0,0.0,0.0,0.0,0,0.0
267,107,107,0,428,428,0,0,0,0.0,0.0,0.0,0,0.0
268,105,105,0,420,420,0,0,0,0.0,0.0,0.0,0,0.0
269,106,106,0,424,424,0,0,0,0.0,0.0,0.0,0,0.0
270,106,106,0,424,424,0,0,0,0.0,0.0,0.0,0,0.0
271,105,105,0,420,420,0,0,0,0.0,0.0,0.0,0,0.0
272,107,107,0,428,428,0,0,0,0.0,0.0,0.0,0,0.0
273,106,106,0,424,424,0,0,0,0.0,0.0,0.0,0,0.0
274,106,106,0,424,424,1,0,0,0.0023584905660377358,0.0,0.0,0,0.0
275,105,105,0,420,420,0,0,0,0.0,0.0,0.0,0,0.0
276,108,108,0,432,432,0,0,0,0.0,0.0,0.0,0,0.0
277,106,106,0,424,424,0,0,0,0.0,0.0,0.0,0,0.0
278,106,106,0,424,424,0,0,0,0.0,0.0,0.0,0,0.0
279,106,106,0,424,424,0,0,0,0.0,0.0,0.0,0,0.0
280,107,106,1,427,424,1,1,0,0.0023584905660377358,0.0023584905660377358,0.0,1,0.009345794392523364
281,105,105,0,420,420,0,0,0,0.0,0.0,0.0,0,0.0
282,105,105,0,420,420,0,0,0,0.0,0.0,0.0,0,0.0
283,107,107,0,428,428,0,0,0,0.0,0.0,0.0,0,0.0
284,108,108,0,432,432,0,0,0,0.0,0.0,0.0,0,0.0
285,107,107,0,428,428,0,0,0,0.0,0.0,0.0,0,0.0
286,107,105,2,426,420,2,2,0,0.004761904761904762,0.004761904761904762,0.0,2,0.018691588785046728
287,105,105,0,420,420,0,0,0,0.0,0.0,0.0,0,0.0
288,106,105,1,423,420,1,1,0,0.002380952380952381,0.002380952380952381,0.0,1,0.009433962264150943
289,105,105,0,420,420,0,0,0,0.0,0.0,0.0,0,0.0
290,107,107,0,428,428,0,0,0,0.0,0.0,0.0,0,0.0
291,106,105,1,423,420,1,1,0,0.002380952380952381,0.002380952380952381,0.0,1,0.009433962264150943
292,107,107,0,428,428,0,0,0,0.0,0.0,0.0,0,0.0
293,108,108,0,432,432,0,0,0,0.0,0.0,0.0,0,0.0
294,105,105,0,420,420,0,0,0,0.0,0.0,0.0,0,0.0
295,106,106,0,424,424,0,0,0,0.0,0.0,0.0,0,0.0
296,107,107,0,428,428,0,0,0,0.0,0.0,0.0,0,0.0
297,105,105,0,420,420,0,0,0,0.0,0.0,0.0,0,0.0
298,105,105,0,420,420,0,0,0,0.0,0.0,0.0,0,0.0
299,105,105,0,420,420,0,0,0,0.0,0.0,0.0,0,0.0
300,105,105,0,420,420,0,0,0,0.0,0.0,0.0,0,0.0
301,106,106,0,424,424,0,0,0,0.0,0.0,0.0,0,0.0
302,106,106,0,424,424,0,0,0,0.0,0.0,0.0,0,0.0
303,105,105,0,420,420,0,0,0,0.0,0.0,0.0,0,0.0
304,105,105,0,420,420,0,0,0,0.0,0.0,0.0,0,0.0
305,105,105,0,420,420,0,0,0,0.0,0.0,0.0,0,0.0
306,109,108,1,435,432,1,1,0,0.0023148148148148147,0.0023148148148148147,0.0,1,0.009174311926605505
307,105,105,0,420,420,0,0,0,0.0,0.0,0.0,0,0.0
308,103,103,0,412,412,0,0,0,0.0,0.0,0.0,0,0.0
309,109,109,0,436,436,0,0,0,0.0,0.0,0.0,0,0.0
310,103,102,1,411,408,1,1,0,0.0024509803921568627,0.0024509803921568627,0.0,1,0.009708737864077669
311,107,107,0,428,428,0,0,0,0.0,0.0,0.0,0,0.0
312,104,104,0,416,416,0,0,0,0.0,0.0,0.0,0,0.0
313,107,107,0,428,428,0,0,0,0.0,0.0,0.0,0,0.0
314,107,107,0,428,428,0,0,0,0.0,0.0,0.0,0,0.0
315,105,104,1,419,416,1,1,0,0.002403846153846154,0.002403846153846154,0.0,1,0.009523809523809525
316,106,106,0,424,424,0,0,0,0.0,0.0,0.0,0,0.0
317,107,106,1,427,424,0,1,0,0.0,0.0023584905660377358,0.0,1,0.009345794392523364
318,104,104,0,416,416,0,0,0,0.0,0.0,0.0,0,0.0
319,105,104,1,419,416,1,1,0,0.002403846153846154,0.002403846153846154,0.0,1,0.009523809523809525
320,106,105,1,423,420,0,1,0,0.0,0.002380952380952381,0.0,1,0.009433962264150943
321,105,105,0,420,420,0,0,0,0.0,0.0,0.0,0,0.0
322,107,106,1,427,424,1,1,0,0.0023584905660377358,0.0023584905660377358,0.0,1,0.009345794392523364
323,107,107,0,428,428,0,0,0,0.0,0.0,0.0,0,0.0
324,105,105,0,420,420,0,0,0,0.0,0.0,0.0,0,0.0
325,107,107,0,428,428,0,0,0,0.0,0.0,0.0,0,0.0
326,105,105,0,420,420,0,0,0,0.0,0.0,0.0,0,0.0
327,109,109,0,436,436,0,0,0,0.0,0.0,0.0,0,0.0
328,107,107,0,428,428,0,0,0,0.0,0.0,0.0,0,0.0
329,106,106,0,424,424,0,0,0,0.0,0.0,0.0,0,0.0
330,105,105,0,420,420,0,0,0,0.0,0.0,0.0,0,0.0
331,107,107,0,428,428,0,0,0,0.0,0.0,0.0,0,0.0
332,108,108,0,432,432,0,0,0,0.0,0.0,0.0,0,0.0
333,106,106,0,424,424,0,0,0,0.0,0.0,0.0,0,0.0
334,105,105,0,420,420,0,0,0,0.0,0.0,0.0,0,0.0
335,107,107,0,428,428,0,0,0,0.0,0.0,0.0,0,0.0
336,105,104,1,419,416,1,1,0,0.002403846153846154,0.002403846153846154,0.0,1,0.009523809523809525
337,106,106,0,424,424,0,0,0,0.0,0.0,0.0,0,0.0
338,106,105,1,423,420,1,1,0,0.002380952380952381,0.002380952380952381,0.0,1,0.009433962264150943
339,106,105,1,423,420,1,1,0,0.002380952380952381,0.002380952380952381,0.0,1,0.009433962264150943
340,106,106,0,424,424,0,0,0,0.0,0.0,0.0,0,0.0
341,107,107,0,428,428,0,0,0,0.0,0.0,0.0,0,0.0
342,106,106,0,424,424,0,0,0,0.0,0.0,0.0,0,0.0
343,107,107,0,428,428,0,0,0,0.0,0.0,0.0,0,0.0
344,106,106,0,424,424,0,0,0,0.0,0.0,0.0,0,0.0
345,107,106,1,427,424,1,1,0,0.0023584905660377358,0.0023584905660377358,0.0,1,0.009345794392523364
346,103,103,0,412,412,0,0,0,0.0,0.0,0.0,0,0.0
347,105,105,0,420,420,0,0,0,0.0,0.0,0.0,0,0.0
348,107,107,0,428,428,0,0,0,0.0,0.0,0.0,0,0.0
349,107,107,0,428,428,0,0,0,0.0,0.0,0.0,0,0.0
350,105,105,0,420,420,0,0,0,0.0,0.0,0.0,0,0.0
351,108,108,0,432,432,0,0,0,0.0,0.0,0.0,0,0.0
352,107,107,0,428,428,0,0,0,0.0,0.0,0.0,0,0.0
353,107,107,0,428,428,0,0,0,0.0,0.0,0.0,0,0.0
354,108,108,0,432,432,0,0,0,0.0,0.0,0.0,0,0.0
355,110,110,0,440,440,0,0,0,0.0,0.0,0.0,0,0.0
356,105,105,0,420,420,0,0,0,0.0,0.0,0.0,0,0.0
357,105,105,0,420,420,0,0,0,0.0,0.0,0.0,0,0.0
358,105,105,0,420,420,0,0,0,0.0,0.0,0.0,0,0.0
359,103,103,0,412,412,0,0,0,0.0,0.0,0.0,0,0.0
360,106,106,0,424,424,0,0,0,0.0,0.0,0.0,0,0.0
361,105,105,0,420,420,0,0,0,0.0,0.0,0.0,0,0.0
362,105,105,0,420,420,0,0,0,0.0,0.0,0.0,0,0.0
363,107,107,0,428,428,0,0,0,0.0,0.0,0.0,0,0.0
364,107,107,0,428,428,0,0,0,0.0,0.0,0.0,0,0.0
365,105,105,0,420,420,0,0,0,0.0,0.0,0.0,0,0.0
366,105,105,0,420,420,0,0,0,0.0,0.0,0.0,0,0.0
367,105,104,1,419,416,1,1,0,0.002403846153846154,0.002403846153846154,0.0,1,0.009523809523809525
368,107,107,0,428,428,0,0,0,0.0,0.0,0.0,0,0.0
369,107,107,0,428,428,0,0,0,0.0,0.0,0.0,0,0.0
370,106,106,0,424,424,0,0,0,0.0,0.0,0.0,0,0.0
371,106,106,0,424,424,0,0,0,0.0,0.0,0.0,0,0.0
372,103,103,0,412,412,0,0,0,0.0,0.0,0.0,0,0.0
373,109,108,1,435,432,1,1,0,0.0023148148148148147,0.0023148148148148147,0.0,1,0.009174311926605505
374,107,107,0,428,428,0,0,0,0.0,0.0,0.0,0,0.0
375,103,103,0,412,412,0,0,0,0.0,0.0,0.0,0,0.0
376,106,106,0,424,424,0,0,0,0.0,0.0,0.0,0,0.0
377,107,106,1,427,424,1,1,0,0.0023584905660377358,0.0023584905660377358,0.0,1,0.009345794392523364
378,105,105,0,420,420,0,0,0,0.0,0.0,0.0,0,0.0
379,105,105,0,420,420,0,0,0,0.0,0.0,0.0,0,0.0
380,106,106,0,424,424,0,0,0,0.0,0.0,0.0,0,0.0
381,105,105,0,420,420,0,0,0,0.0,0.0,0.0,0,0.0
382,104,104,0,416,416,0,0,0,0.0,0.0,0.0,0,0.0
383,107,107,0,428,428,0,0,0,0.0,0.0,0.0,0,0.0
384,105,105,0,420,420,0,0,0,0.0,0.0,0.0,0,0.0
385,105,105,0,420,420,0,0,0,0.0,0.0,0.0,0,0.0
386,107,106,1,427,424,1,1,0,0.0023584905660377358,0.0023584905660377358,0.0,1,0.009345794392523364
387,109,108,1,435,432,0,1,0,0.0,0.0023148148148148147,0.0,1,0.009174311926605505
388,107,107,0,428,428,0,0,0,0.0,0.0,0.0,0,0.0
389,109,107,2,434,428,2,2,0,0.004672897196261682,0.004672897196261682,0.0,2,0.01834862385321101
390,106,106,0,424,424,0,0,0,0.0,0.0,0.0,0,0.0
391,106,106,0,424,424,0,0,0,0.0,0.0,0.0,0,0.0
392,105,105,0,420,420,0,0,0,0.0,0.0,0.0,0,0.0
393,111,109,2,442,436,2,2,0,0.0045871559633027525,0.0045871559633027525,0.0,2,0.018018018018018018
394,109,109,0,436,436,0,0,0,0.0,0.0,0.0,0,0.0
395,106,106,0,424,424,0,0,0,0.0,0.0,0.0,0,0.0
396,105,105,0,420,420,0,0,0,0.0,0.0,0.0,0,0.0
397,107,107,0,428,428,0,0,0,0.0,0.0,0.0,0,0.0
398,106,105,1,423,420,1,1,0,0.002380952380952381,0.002380952380952381,0.0,1,0.009433962264150943
399,107,107,0,428,428,0,0,0,0.0,0.0,0.0,0,0.0
400,108,108,0,432,432,0,0,0,0.0,0.0,0.0,0,0.0
401,107,107,0,428,428,0,0,0,0.0,0.0,0.0,0,0.0
402,104,104,0,416,416,0,0,0,0.0,0.0,0.0,0,0.0
403,107,107,0,428,428,0,0,0,0.0,0.0,0.0,0,0.0
404,107,106,1,427,424,0,1,0,0.0,0.0023584905660377358,0.0,1,0.009345794392523364
405,106,105,1,423,420,0,1,0,0.0,0.002380952380952381,0.0,1,0.009433962264150943
406,106,106,0,424,424,0,0,0,0.0,0.0,0.0,0,0.0
407,107,107,0,428,428,0,0,0,0.0,0.0,0.0,0,0.0
408,106,106,0,424,424,0,0,0,0.0,0.0,0.0,0,0.0
409,107,106,1,427,424,1,1,0,0.0023584905660377358,0.0023584905660377358,0.0,1,0.009345794392523364
410,107,107,0,428,428,0,0,0,0.0,0.0,0.0,0,0.0
411,105,105,0,420,420,0,0,0,0.0,0.0,0.0,0,0.0
412,107,107,0,428,428,0,0,0,0.0,0.0,0.0,0,0.0
413,105,105,0,420,420,0,0,0,0.0,0.0,0.0,0,0.0
414,106,106,0,424,424,0,0,0,0.0,0.0,0.0,0,0.0
415,105,105,0,420,420,0,0,0,0.0,0.0,0.0,0,0.0
416,106,106,0,424,424,0,0,0,0.0,0.0,0.0,0,0.0
417,106,106,0,424,424,0,0,0,0.0,0.0,0.0,0,0.0
418,106,106,0,424,424,0,0,0,0.0,0.0,0.0,0,0.0
419,106,106,0,424,424,0,0,0,0.0,0.0,0.0,0,0.0
420,105,104,1,419,416,1,1,0,0.002403846153846154,0.002403846153846154,0.0,1,0.009523809523809525
421,105,105,0,420,420,0,0,0,0.0,0.0,0.0,0,0.0
422,106,106,0,424,424,0,0,0,0.0,0.0,0.0,0,0.0
423,106,106,0,424,424,0,0,0,0.0,0.0,0.0,0,0.0
424,107,107,0,428,428,0,0,0,0.0,0.0,0.0,0,0.0
425,105,105,0,420,420,0,0,0,0.0,0.0,0.0,0,0.0
426,107,107,0,428,428,0,0,0,0.0,0.0,0.0,0,0.0
427,107,107,0,428,428,0,0,0,0.0,0.0,0.0,0,0.0
428,103,103,0,412,412,0,0,0,0.0,0.0,0.0,0,0.0
429,106,106,0,424,424,0,0,0,0.0,0.0,0.0,0,0.0
430,103,103,0,412,412,0,0,0,0.0,0.0,0.0,0,0.0
431,105,105,0,420,420,0,0,0,0.0,0.0,0.0,0,0.0
432,106,106,0,424,424,0,0,0,0.0,0.0,0.0,0,0.0
433,105,105,0,420,420,0,0,0,0.0,0.0,0.0,0,0.0
434,106,106,0,424,424,0,0,0,0.0,0.0,0.0,0,0.0
435,106,106,0,424,424,0,0,0,0.0,0.0,0.0,0,0.0
436,108,108,0,432,432,0,0,0,0.0,0.0,0.0,0,0.0
437,107,106,1,427,424,1,1,0,0.0023584905660377358,0.0023584905660377358,0.0,1,0.009345794392523364
438,105,105,0,420,420,0,0,0,0.0,0.0,0.0,0,0.0
439,105,105,0,420,420,0,0,0,0.0,0.0,0.0,0,0.0
440,107,107,0,428,428,0,0,0,0.0,0.0,0.0,0,0.0
441,104,104,0,416,416,0,0,0,0.0,0.0,0.0,0,0.0
442,105,105,0,420,420,0,0,0,0.0,0.0,0.0,0,0.0
443,107,107,0,428,428,0,0,0,0.0,0.0,0.0,0,0.0
444,108,108,0,432,432,0,0,0,0.0,0.0,0.0,0,0.0
445,105,105,0,420,420,0,0,0,0.0,0.0,0.0,0,0.0
446,106,106,0,424,424,0,0,0,0.0,0.0,0.0,0,0.0
447,107,107,0,428,428,0,0,0,0.0,0.0,0.0,0,0.0
448,107,107,0,428,428,0,0,0,0.0,0.0,0.0,0,0.0
449,105,105,0,420,420,0,0,0,0.0,0.0,0.0,0,0.0
450,107,106,1,427,424,0,1,0,0.0,0.0023584905660377358,0.0,1,0.009345794392523364
451,105,105,0,420,420,0,0,0,0.0,0.0,0.0,0,0.0
452,106,106,0,424,424,0,0,0,0.0,0.0,0.0,0,0.0
453,106,106,0,424,424,0,0,0,0.0,0.0,0.0,0,0.0
454,104,104,0,416,416,0,0,0,0.0,0.0,0.0,0,0.0
455,105,105,0,420,420,0,0,0,0.0,0.0,0.0,0,0.0
456,105,105,0,420,420,0,0,0,0.0,0.0,0.0,0,0.0
457,105,105,0,420,420,0,0,0,0.0,0.0,0.0,0,0.0
458,104,104,0,416,416,0,0,0,0.0,0.0,0.0,0,0.0
459,106,106,0,424,424,0,0,0,0.0,0.0,0.0,0,0.0
460,105,104,1,419,416,3,1,0,0.007211538461538462,0.002403846153846154,0.0,1,0.009523809523809525
461,107,107,0,428,428,0,0,0,0.0,0.0,0.0,0,0.0
462,109,102,7,429,408,7,7,0,0.01715686274509804,0.01715686274509804,0.0,7,0.06422018348623854
463,108,106,2,430,424,2,2,0,0.0047169811320754715,0.0047169811320754715,0.0,2,0.018518518518518517
464,107,107,0,428,428,0,0,0,0.0,0.0,0.0,0,0.0
465,107,107,0,428,428,0,0,0,0.0,0.0,0.0,0,0.0
466,108,107,1,431,428,1,1,0,0.002336448598130841,0.002336448598130841,0.0,1,0.009259259259259259
467,107,107,0,428,428,0,0,0,0.0,0.0,0.0,0,0.0
468,107,107,0,428,428,0,0,0,0.0,0.0,0.0,0,0.0
469,107,107,0,428,428,0,0,0,0.0,0.0,0.0,0,0.0
470,107,107,0,428,428,0,0,0,0.0,0.0,0.0,0,0.0
471,107,99,8,420,396,8,8,1,0.020202020202020204,0.020202020202020204,0.0025252525252525255,8,0.07476635514018691
472,107,107,0,428,428,0,0,0,0.0,0.0,0.0,0,0.0
473,106,106,0,424,424,0,0,0,0.0,0.0,0.0,0,0.0
474,107,107,0,428,428,0,0,0,0.0,0.0,0.0,0,0.0
475,106,106,0,424,424,0,0,0,0.0,0.0,0.0,0,0.0
476,106,106,0,424,424,0,0,0,0.0,0.0,0.0,0,0.0
477,106,106,0,424,424,0,0,0,0.0,0.0,0.0,0,0.0
478,107,107,0,428,428,0,0,0,0.0,0.0,0.0,0,0.0
479,107,107,0,428,428,0,0,0,0.0,0.0,0.0,0,0.0
480,107,107,0,428,428,0,0,0,0.0,0.0,0.0,0,0.0
481,107,107,0,428,428,0,0,0,0.0,0.0,0.0,0,0.0
482,106,105,1,423,420,1,1,0,0.002380952380952381,0.002380952380952381,0.0,1,0.009433962264150943
483,105,105,0,420,420,0,0,0,0.0,0.0,0.0,0,0.0
484,107,107,0,428,428,0,0,0,0.0,0.0,0.0,0,0.0
485,107,107,0,428,428,0,0,0,0.0,0.0,0.0,0,0.0
486,105,105,0,420,420,0,0,0,0.0,0.0,0.0,0,0.0
487,107,107,0,428,428,0,0,0,0.0,0.0,0.0,0,0.0
488,106,106,0,424,424,0,0,0,0.0,0.0,0.0,0,0.0
489,104,102,2,414,408,0,2,0,0.0,0.004901960784313725,0.0,2,0.019230769230769232
490,106,103,3,421,412,3,3,0,0.007281553398058253,0.007281553398058253,0.0,3,0.02830188679245283
491,105,103,2,418,412,2,2,0,0.0048543689320388345,0.0048543689320388345,0.0,2,0.01904761904761905
492,106,106,0,424,424,0,0,0,0.0,0.0,0.0,0,0.0
493,107,106,1,427,424,1,1,0,0.0023584905660377358,0.0023584905660377358,0.0,1,0.009345794392523364
494,105,105,0,420,420,0,0,0,0.0,0.0,0.0,0,0.0
495,105,105,0,420,420,0,0,0,0.0,0.0,0.0,0,0.0
496,108,108,0,432,432,0,0,0,0.0,0.0,0.0,0,0.0
497,105,105,0,420,420,0,0,0,0.0,0.0,0.0,0,0.0
498,108,106,2,430,424,2,2,0,0.0047169811320754715,0.0047169811320754715,0.0,2,0.018518518518518517
499,109,109,0,436,436,0,0,0,0.0,0.0,0.0,0,0.0
500,107,106,1,427,424,1,1,1,0.0023584905660377358,0.0023584905660377358,0.0023584905660377358,1,0.009345794392523364
501,104,104,0,416,416,0,0,0,0.0,0.0,0.0,0,0.0
502,105,104,1,419,416,1,1,0,0.002403846153846154,0.002403846153846154,0.0,1,0.009523809523809525
503,106,106,0,424,424,0,0,0,0.0,0.0,0.0,0,0.0
504,107,106,1,427,424,1,1,0,0.0023584905660377358,0.0023584905660377358,0.0,1,0.009345794392523364
505,107,107,0,428,428,0,0,0,0.0,0.0,0.0,0,0.0
506,107,106,1,427,424,1,1,0,0.0023584905660377358,0.0023584905660377358,0.0,1,0.009345794392523364
507,105,105,0,420,420,0,0,0,0.0,0.0,0.0,0,0.0
508,107,107,0,428,428,0,0,0,0.0,0.0,0.0,0,0.0
509,107,107,0,428,428,0,0,0,0.0,0.0,0.0,0,0.0
510,105,104,1,419,416,1,1,0,0.002403846153846154,0.002403846153846154,0.0,1,0.009523809523809525
511,107,107,0,428,428,0,0,0,0.0,0.0,0.0,0,0.0
512,104,103,1,415,412,1,1,0,0.0024271844660194173,0.0024271844660194173,0.0,1,0.009615384615384616
513,105,105,0,420,420,0,0,0,0.0,0.0,0.0,0,0.0
514,109,108,1,435,432,1,1,0,0.0023148148148148147,0.0023148148148148147,0.0,1,0.009174311926605505
515,107,107,0,428,428,0,0,0,0.0,0.0,0.0,0,0.0
516,106,104,2,422,416,1,2,0,0.002403846153846154,0.004807692307692308,0.0,2,0.018867924528301886
517,109,109,0,436,436,0,0,0,0.0,0.0,0.0,0,0.0
518,106,106,0,424,424,0,0,0,0.0,0.0,0.0,0,0.0
519,106,106,0,424,424,0,0,0,0.0,0.0,0.0,0,0.0
520,106,106,0,424,424,0,0,0,0.0,0.0,0.0,0,0.0
521,108,108,0,432,432,0,0,0,0.0,0.0,0.0,0,0.0
522,107,107,0,428,428,0,0,0,0.0,0.0,0.0,0,0.0
523,101,100,1,403,400,1,1,0,0.0025,0.0025,0.0,1,0.009900990099009901
524,107,106,1,427,424,1,1,0,0.0023584905660377358,0.0023584905660377358,0.0,1,0.009345794392523364
525,109,109,0,436,436,0,0,0,0.0,0.0,0.0,0,0.0
526,106,106,0,424,424,0,0,0,0.0,0.0,0.0,0,0.0
527,109,108,1,435,432,1,1,0,0.0023148148148148147,0.0023148148148148147,0.0,1,0.009174311926605505
528,107,107,0,428,428,0,0,0,0.0,0.0,0.0,0,0.0
529,105,105,0,420,420,0,0,0,0.0,0.0,0.0,0,0.0
530,105,104,1,419,416,0,1,0,0.0,0.002403846153846154,0.0,1,0.009523809523809525
531,106,106,0,424,424,0,0,0,0.0,0.0,0.0,0,0.0
532,107,106,1,427,424,1,1,0,0.0023584905660377358,0.0023584905660377358,0.0,1,0.009345794392523364
533,107,107,0,428,428,0,0,0,0.0,0.0,0.0,0,0.0
534,106,106,0,424,424,0,0,0,0.0,0.0,0.0,0,0.0
535,107,107,0,428,428,0,0,0,0.0,0.0,0.0,0,0.0
536,106,106,0,424,424,0,0,0,0.0,0.0,0.0,0,0.0
537,106,106,0,424,424,0,0,0,0.0,0.0,0.0,0,0.0
538,107,106,1,427,424,1,1,0,0.0023584905660377358,0.0023584905660377358,0.0,1,0.009345794392523364
539,105,105,0,420,420,0,0,0,0.0,0.0,0.0,0,0.0
540,106,106,0,424,424,0,0,0,0.0,0.0,0.0,0,0.0
541,105,104,1,419,416,1,1,0,0.002403846153846154,0.002403846153846154,0.0,1,0.009523809523809525
542,108,108,0,432,432,0,0,0,0.0,0.0,0.0,0,0.0
543,109,109,0,436,436,0,0,0,0.0,0.0,0.0,0,0.0
544,107,107,0,428,428,0,0,0,0.0,0.0,0.0,0,0.0
545,107,107,0,428,428,0,0,0,0.0,0.0,0.0,0,0.0
546,107,107,0,428,428,0,0,0,0.0,0.0,0.0,0,0.0
547,104,104,0,416,416,0,0,0,0.0,0.0,0.0,0,0.0
548,107,107,0,428,428,0,0,0,0.0,0.0,0.0,0,0.0
549,106,106,0,424,424,0,0,0,0.0,0.0,0.0,0,0.0
550,107,107,0,428,428,0,0,0,0.0,0.0,0.0,0,0.0
551,107,106,1,427,424,0,1,0,0.0,0.0023584905660377358,0.0,1,0.009345794392523364
552,105,105,0,420,420,0,0,0,0.0,0.0,0.0,0,0.0
553,105,104,1,419,416,1,1,0,0.002403846153846154,0.002403846153846154,0.0,1,0.009523809523809525
554,107,107,0,428,428,0,0,0,0.0,0.0,0.0,0,0.0
555,107,106,1,427,424,1,1,0,0.0023584905660377358,0.0023584905660377358,0.0,1,0.009345794392523364
556,107,107,0,428,428,0,0,0,0.0,0.0,0.0,0,0.0
557,107,107,0,428,428,0,0,0,0.0,0.0,0.0,0,0.0
558,105,105,0,420,420,0,0,0,0.0,0.0,0.0,0,0.0
559,107,107,0,428,428,0,0,0,0.0,0.0,0.0,0,0.0
560,107,107,0,428,428,0,0,0,0.0,0.0,0.0,0,0.0
561,105,102,3,417,408,3,3,0,0.007352941176470588,0.007352941176470588,0.0,3,0.02857142857142857
562,107,107,0,428,428,0,0,0,0.0,0.0,0.0,0,0.0
563,105,105,0,420,420,0,0,0,0.0,0.0,0.0,0,0.0
564,105,105,0,420,420,0,0,0,0.0,0.0,0.0,0,0.0
565,106,106,0,424,424,0,0,0,0.0,0.0,0.0,0,0.0
566,106,106,0,424,424,0,0,0,0.0,0.0,0.0,0,0.0
567,105,105,0,420,420,0,0,0,0.0,0.0,0.0,0,0.0
568,103,103,0,412,412,0,0,0,0.0,0.0,0.0,0,0.0
569,107,107,0,428,428,0,0,0,0.0,0.0,0.0,0,0.0
570,105,105,0,420,420,0,0,0,0.0,0.0,0.0,0,0.0
571,106,106,0,424,424,0,0,0,0.0,0.0,0.0,0,0.0
572,105,105,0,420,420,0,0,0,0.0,0.0,0.0,0,0.0
573,104,103,1,415,412,1,1,0,0.0024271844660194173,0.0024271844660194173,0.0,1,0.009615384615384616
574,107,107,0,428,428,0,0,0,0.0,0.0,0.0,0,0.0
575,106,106,0,424,424,0,0,0,0.0,0.0,0.0,0,0.0
576,107,104,3,425,416,3,3,1,0.007211538461538462,0.007211538461538462,0.002403846153846154,3,0.028037383177570093
577,107,107,0,428,428,0,0,0,0.0,0.0,0.0,0,0.0
578,105,105,0,420,420,0,0,0,0.0,0.0,0.0,0,0.0
579,105,104,1,419,416,1,1,0,0.002403846153846154,0.002403846153846154,0.0,1,0.009523809523809525
580,105,105,0,420,420,0,0,0,0.0,0.0,0.0,0,0.0
581,107,107,0,428,428,0,0,0,0.0,0.0,0.0,0,0.0
582,105,103,2,418,412,1,2,0,0.0024271844660194173,0.0048543689320388345,0.0,2,0.01904761904761905
583,105,105,0,420,420,0,0,0,0.0,0.0,0.0,0,0.0
584,106,106,0,424,424,0,0,0,0.0,0.0,0.0,0,0.0
585,107,107,0,428,428,0,0,0,0.0,0.0,0.0,0,0.0
586,107,107,0,428,428,0,0,0,0.0,0.0,0.0,0,0.0
587,106,106,0,424,424,0,0,0,0.0,0.0,0.0,0,0.0
588,106,106,0,424,424,0,0,0,0.0,0.0,0.0,0,0.0
589,107,105,2,426,420,2,2,0,0.004761904761904762,0.004761904761904762,0.0,2,0.018691588785046728
590,105,105,0,420,420,0,0,0,0.0,0.0,0.0,0,0.0
591,105,104,1,419,416,1,1,0,0.002403846153846154,0.002403846153846154,0.0,1,0.009523809523809525
592,110,110,0,440,440,0,0,0,0.0,0.0,0.0,0,0.0
593,107,106,1,427,424,1,1,0,0.0023584905660377358,0.0023584905660377358,0.0,1,0.009345794392523364
594,107,107,0,428,428,0,0,0,0.0,0.0,0.0,0,0.0
595,105,105,0,420,420,0,0,0,0.0,0.0,0.0,0,0.0
596,106,106,0,424,424,0,0,0,0.0,0.0,0.0,0,0.0
597,107,107,0,428,428,0,0,0,0.0,0.0,0.0,0,0.0
598,105,105,0,420,420,0,0,0,0.0,0.0,0.0,0,0.0
599,106,106,0,424,424,0,0,0,0.0,0.0,0.0,0,0.0
600,107,107,0,428,428,0,0,0,0.0,0.0,0.0,0,0.0
601,109,109,0,436,436,0,0,0,0.0,0.0,0.0,0,0.0
602,105,105,0,420,420,0,0,0,0.0,0.0,0.0,0,0.0
603,106,106,0,424,424,0,0,0,0.0,0.0,0.0,0,0.0
604,105,105,0,420,420,0,0,0,0.0,0.0,0.0,0,0.0
605,106,106,0,424,424,0,0,0,0.0,0.0,0.0,0,0.0
606,107,107,0,428,428,0,0,0,0.0,0.0,0.0,0,0.0
607,107,107,0,428,428,0,0,0,0.0,0.0,0.0,0,0.0
608,107,107,0,428,428,0,0,0,0.0,0.0,0.0,0,0.0
609,107,107,0,428,428,0,0,0,0.0,0.0,0.0,0,0.0
610,107,107,0,428,428,0,0,0,0.0,0.0,0.0,0,0.0
611,105,105,0,420,420,0,0,0,0.0,0.0,0.0,0,0.0
612,107,107,0,428,428,0,0,0,0.0,0.0,0.0,0,0.0
613,106,106,0,424,424,0,0,0,0.0,0.0,0.0,0,0.0
614,106,104,2,422,416,2,2,0,0.004807692307692308,0.004807692307692308,0.0,2,0.018867924528301886
615,107,107,0,428,428,0,0,0,0.0,0.0,0.0,0,0.0
616,107,107,0,428,428,0,0,0,0.0,0.0,0.0,0,0.0
617,108,107,1,431,428,0,1,0,0.0,0.002336448598130841,0.0,1,0.009259259259259259
618,106,106,0,424,424,0,0,0,0.0,0.0,0.0,0,0.0
619,109,108,1,435,432,1,1,0,0.0023148148148148147,0.0023148148148148147,0.0,1,0.009174311926605505
620,104,104,0,416,416,0,0,0,0.0,0.0,0.0,0,0.0
621,107,106,1,427,424,1,1,0,0.0023584905660377358,0.0023584905660377358,0.0,1,0.009345794392523364
622,109,107,2,434,428,2,2,0,0.004672897196261682,0.004672897196261682,0.0,2,0.01834862385321101
623,110,108,2,438,432,2,2,0,0.004629629629629629,0.004629629629629629,0.0,2,0.01818181818181818
624,109,109,0,436,436,0,0,0,0.0,0.0,0.0,0,0.0
625,107,104,3,425,416,3,3,0,0.007211538461538462,0.007211538461538462,0.0,3,0.028037383177570093
626,107,105,2,426,420,2,2,0,0.004761904761904762,0.004761904761904762,0.0,2,0.018691588785046728
627,108,108,0,432,432,0,0,0,0.0,0.0,0.0,0,0.0
628,107,104,3,425,416,3,3,0,0.007211538461538462,0.007211538461538462,0.0,3,0.028037383177570093
629,109,108,1,435,432,1,1,1,0.0023148148148148147,0.0023148148148148147,0.0023148148148148147,1,0.009174311926605505
630,105,105,0,420,420,0,0,0,0.0,0.0,0.0,0,0.0
631,112,110,2,446,440,2,2,0,0.004545454545454545,0.004545454545454545,0.0,2,0.017857142857142856
632,109,108,1,435,432,1,1,0,0.0023148148148148147,0.0023148148148148147,0.0,1,0.009174311926605505
633,109,104,5,431,416,5,5,0,0.01201923076923077,0.01201923076923077,0.0,5,0.045871559633027525
634,109,109,0,436,436,0,0,0,0.0,0.0,0.0,0,0.0
635,109,109,0,436,436,0,0,0,0.0,0.0,0.0,0,0.0
636,107,107,0,428,428,0,0,0,0.0,0.0,0.0,0,0.0
637,109,109,0,436,436,0,0,0,0.0,0.0,0.0,0,0.0
638,108,108,0,432,432,0,0,0,0.0,0.0,0.0,0,0.0
639,107,107,0,428,428,0,0,0,0.0,0.0,0.0,0,0.0
640,107,105,2,426,420,2,2,0,0.004761904761904762,0.004761904761904762,0.0,2,0.018691588785046728
641,108,107,1,431,428,1,1,0,0.002336448598130841,0.002336448598130841,0.0,1,0.009259259259259259
642,107,106,1,427,424,0,1,0,0.0,0.0023584905660377358,0.0,1,0.009345794392523364
643,107,107,0,428,428,0,0,0,0.0,0.0,0.0,0,0.0
644,105,105,0,420,420,0,0,0,0.0,0.0,0.0,0,0.0
645,107,107,0,428,428,0,0,0,0.0,0.0,0.0,0,0.0
646,107,106,1,427,424,1,1,0,0.0023584905660377358,0.0023584905660377358,0.0,1,0.009345794392523364
647,106,106,0,424,424,0,0,0,0.0,0.0,0.0,0,0.0
648,106,105,1,423,420,0,1,0,0.0,0.002380952380952381,0.0,1,0.009433962264150943
649,107,107,0,428,428,0,0,0,0.0,0.0,0.0,0,0.0
650,105,105,0,420,420,0,0,0,0.0,0.0,0.0,0,0.0
651,109,109,0,436,436,0,0,0,0.0,0.0,0.0,0,0.0
652,113,112,1,451,448,1,1,0,0.002232142857142857,0.002232142857142857,0.0,1,0.008849557522123894
653,107,106,1,427,424,1,1,0,0.0023584905660377358,0.0023584905660377358,0.0,1,0.009345794392523364
654,109,108,1,435,432,1,1,0,0.0023148148148148147,0.0023148148148148147,0.0,1,0.009174311926605505
655,109,109,0,436,436,0,0,0,0.0,0.0,0.0,0,0.0
656,109,109,0,436,436,0,0,0,0.0,0.0,0.0,0,0.0
657,108,108,0,432,432,0,0,0,0.0,0.0,0.0,0,0.0
658,110,110,0,440,440,0,0,0,0.0,0.0,0.0,0,0.0
659,107,107,0,428,428,0,0,0,0.0,0.0,0.0,0,0.0
660,108,108,0,432,432,0,0,0,0.0,0.0,0.0,0,0.0
661,107,106,1,427,424,1,1,1,0.0023584905660377358,0.0023584905660377358,0.0023584905660377358,1,0.009345794392523364
662,110,110,0,440,440,0,0,0,0.0,0.0,0.0,0,0.0
663,107,107,0,428,428,0,0,0,0.0,0.0,0.0,0,0.0
664,107,107,0,428,428,0,0,0,0.0,0.0,0.0,0,0.0
665,105,105,0,420,420,0,0,0,0.0,0.0,0.0,0,0.0
666,105,105,0,420,420,0,0,0,0.0,0.0,0.0,0,0.0
667,107,106,1,427,424,1,1,0,0.0023584905660377358,0.0023584905660377358,0.0,1,0.009345794392523364
668,105,105,0,420,420,0,0,0,0.0,0.0,0.0,0,0.0
669,107,105,2,426,420,2,2,0,0.004761904761904762,0.004761904761904762,0.0,2,0.018691588785046728
670,107,107,0,428,428,0,0,0,0.0,0.0,0.0,0,0.0
671,107,106,1,427,424,1,1,0,0.0023584905660377358,0.0023584905660377358,0.0,1,0.009345794392523364
672,107,107,0,428,428,0,0,0,0.0,0.0,0.0,0,0.0
673,107,107,0,428,428,0,0,0,0.0,0.0,0.0,0,0.0
674,107,107,0,428,428,0,0,0,0.0,0.0,0.0,0,0.0
675,105,105,0,420,420,0,0,0,0.0,0.0,0.0,0,0.0
676,105,105,0,420,420,0,0,0,0.0,0.0,0.0,0,0.0
677,107,105,2,426,420,2,2,0,0.004761904761904762,0.004761904761904762,0.0,2,0.018691588785046728
678,109,109,0,436,436,0,0,0,0.0,0.0,0.0,0,0.0
679,107,107,0,428,428,0,0,0,0.0,0.0,0.0,0,0.0
680,107,107,0,428,428,0,0,0,0.0,0.0,0.0,0,0.0
681,107,107,0,428,428,0,0,0,0.0,0.0,0.0,0,0.0
682,109,109,0,436,436,0,0,0,0.0,0.0,0.0,0,0.0
683,107,107,0,428,428,0,0,0,0.0,0.0,0.0,0,0.0
684,108,108,0,432,432,0,0,0,0.0,0.0,0.0,0,0.0
685,106,106,0,424,424,0,0,0,0.0,0.0,0.0,0,0.0
686,109,107,2,434,428,2,2,0,0.004672897196261682,0.004672897196261682,0.0,2,0.01834862385321101
687,109,109,0,436,436,0,0,0,0.0,0.0,0.0,0,0.0
688,107,107,0,428,428,0,0,0,0.0,0.0,0.0,0,0.0
689,105,105,0,420,420,0,0,0,0.0,0.0,0.0,0,0.0
690,106,106,0,424,424,0,0,0,0.0,0.0,0.0,0,0.0
691,110,110,0,440,440,0,0,0,0.0,0.0,0.0,0,0.0
692,108,108,0,432,432,0,0,0,0.0,0.0,0.0,0,0.0
693,105,105,0,420,420,0,0,0,0.0,0.0,0.0,0,0.0
694,109,108,1,435,432,1,1,0,0.0023148148148148147,0.0023148148148148147,0.0,1,0.009174311926605505
695,109,109,0,436,436,0,0,0,0.0,0.0,0.0,0,0.0
696,107,107,0,428,428,0,0,0,0.0,0.0,0.0,0,0.0
697,107,103,4,423,412,4,4,0,0.009708737864077669,0.009708737864077669,0.0,4,0.037383177570093455
698,109,109,0,436,436,0,0,0,0.0,0.0,0.0,0,0.0
699,108,104,4,427,416,4,4,0,0.009615384615384616,0.009615384615384616,0.0,4,0.037037037037037035
700,107,106,1,427,424,1,1,0,0.0023584905660377358,0.0023584905660377358,0.0,1,0.009345794392523364
701,107,106,1,427,424,1,1,0,0.0023584905660377358,0.0023584905660377358,0.0,1,0.009345794392523364
702,107,107,0,428,428,0,0,0,0.0,0.0,0.0,0,0.0
703,106,105,1,423,420,1,1,0,0.002380952380952381,0.002380952380952381,0.0,1,0.009433962264150943
704,107,107,0,428,428,0,0,0,0.0,0.0,0.0,0,0.0
705,107,106,1,427,424,1,1,0,0.0023584905660377358,0.0023584905660377358,0.0,1,0.009345794392523364
706,108,107,1,431,428,1,1,0,0.002336448598130841,0.002336448598130841,0.0,1,0.009259259259259259
707,105,105,0,420,420,0,0,0,0.0,0.0,0.0,0,0.0
708,107,107,0,428,428,0,0,0,0.0,0.0,0.0,0,0.0
709,109,108,1,435,432,1,1,0,0.0023148148148148147,0.0023148148148148147,0.0,1,0.009174311926605505
710,107,107,0,428,428,0,0,0,0.0,0.0,0.0,0,0.0
711,104,103,1,415,412,1,1,0,0.0024271844660194173,0.0024271844660194173,0.0,1,0.009615384615384616
712,106,106,0,424,424,0,0,0,0.0,0.0,0.0,0,0.0
713,106,106,0,424,424,0,0,0,0.0,0.0,0.0,0,0.0
714,107,107,0,428,428,0,0,0,0.0,0.0,0.0,0,0.0
715,105,105,0,420,420,0,0,0,0.0,0.0,0.0,0,0.0
716,105,105,0,420,420,0,0,0,0.0,0.0,0.0,0,0.0
717,105,105,0,420,420,0,0,0,0.0,0.0,0.0,0,0.0
718,105,105,0,420,420,0,0,0,0.0,0.0,0.0,0,0.0
719,105,105,0,420,420,0,0,0,0.0,0.0,0.0,0,0.0
720,105,105,0,420,420,0,0,0,0.0,0.0,0.0,0,0.0
721,107,107,0,428,428,0,0,0,0.0,0.0,0.0,0,0.0
722,105,105,0,420,420,0,0,0,0.0,0.0,0.0,0,0.0
723,107,107,0,428,428,0,0,0,0.0,0.0,0.0,0,0.0
724,107,106,1,427,424,1,1,0,0.0023584905660377358,0.0023584905660377358,0.0,1,0.009345794392523364
725,107,107,0,428,428,0,0,0,0.0,0.0,0.0,0,0.0
726,105,105,0,420,420,0,0,0,0.0,0.0,0.0,0,0.0
727,105,105,0,420,420,0,0,0,0.0,0.0,0.0,0,0.0
728,107,107,0,428,428,0,0,0,0.0,0.0,0.0,0,0.0
729,108,108,0,432,432,0,0,0,0.0,0.0,0.0,0,0.0
730,104,104,0,416,416,0,0,0,0.0,0.0,0.0,0,0.0
731,106,106,0,424,424,0,0,0,0.0,0.0,0.0,0,0.0
732,105,104,1,419,416,1,1,0,0.002403846153846154,0.002403846153846154,0.0,1,0.009523809523809525
733,111,111,0,444,444,0,0,0,0.0,0.0,0.0,0,0.0
734,106,106,0,424,424,0,0,0,0.0,0.0,0.0,0,0.0
735,108,108,0,432,432,0,0,0,0.0,0.0,0.0,0,0.0
736,107,107,0,428,428,0,0,0,0.0,0.0,0.0,0,0.0
737,106,106,0,424,424,0,0,0,0.0,0.0,0.0,0,0.0
738,106,106,0,424,424,0,0,0,0.0,0.0,0.0,0,0.0
739,105,105,0,420,420,0,0,0,0.0,0.0,0.0,0,0.0
740,105,105,0,420,420,0,0,0,0.0,0.0,0.0,0,0.0
741,105,105,0,420,420,0,0,0,0.0,0.0,0.0,0,0.0
742,107,107,0,428,428,0,0,0,0.0,0.0,0.0,0,0.0
743,105,105,0,420,420,0,0,0,0.0,0.0,0.0,0,0.0
744,107,107,0,428,428,0,0,0,0.0,0.0,0.0,0,0.0
745,105,105,0,420,420,0,0,0,0.0,0.0,0.0,0,0.0
746,109,109,0,436,436,0,0,0,0.0,0.0,0.0,0,0.0
747,104,104,0,416,416,0,0,0,0.0,0.0,0.0,0,0.0
748,108,108,0,432,432,0,0,0,0.0,0.0,0.0,0,0.0
749,107,107,0,428,428,0,0,0,0.0,0.0,0.0,0,0.0
750,107,107,0,428,428,0,0,0,0.0,0.0,0.0,0,0.0
751,107,107,0,428,428,0,0,0,0.0,0.0,0.0,0,0.0
752,106,106,0,424,424,0,0,0,0.0,0.0,0.0,0,0.0
753,107,107,0,428,428,0,0,0,0.0,0.0,0.0,0,0.0
754,105,104,1,419,416,1,1,0,0.002403846153846154,0.002403846153846154,0.0,1,0.009523809523809525
755,106,106,0,424,424,0,0,0,0.0,0.0,0.0,0,0.0
756,106,106,0,424,424,0,0,0,0.0,0.0,0.0,0,0.0
757,105,105,0,420,420,0,0,0,0.0,0.0,0.0,0,0.0
758,107,107,0,428,428,0,0,0,0.0,0.0,0.0,0,0.0
759,108,107,1,431,428,0,1,0,0.0,0.002336448598130841,0.0,1,0.009259259259259259
760,105,105,0,420,420,0,0,0,0.0,0.0,0.0,0,0.0
761,109,109,0,436,436,0,0,0,0.0,0.0,0.0,0,0.0
762,107,107,0,428,428,0,0,0,0.0,0.0,0.0,0,0.0
763,105,105,0,420,420,0,0,0,0.0,0.0,0.0,0,0.0
764,109,109,0,436,436,0,0,0,0.0,0.0,0.0,0,0.0
765,106,105,1,423,420,1,1,0,0.002380952380952381,0.002380952380952381,0.0,1,0.009433962264150943
766,105,105,0,420,420,0,0,0,0.0,0.0,0.0,0,0.0
767,107,101,6,422,404,6,6,0,0.01485148514851485,0.01485148514851485,0.0,6,0.056074766355140186
768,108,108,0,432,432,0,0,0,0.0,0.0,0.0,0,0.0
769,105,104,1,419,416,0,1,0,0.0,0.002403846153846154,0.0,1,0.009523809523809525
770,106,106,0,424,424,0,0,0,0.0,0.0,0.0,0,0.0
771,106,106,0,424,424,0,0,0,0.0,0.0,0.0,0,0.0
772,105,104,1,419,416,1,1,0,0.002403846153846154,0.002403846153846154,0.0,1,0.009523809523809525
773,108,107,1,431,428,0,1,0,0.0,0.002336448598130841,0.0,1,0.009259259259259259
774,107,107,0,428,428,0,0,0,0.0,0.0,0.0,0,0.0
775,105,104,1,419,416,3,1,0,0.007211538461538462,0.002403846153846154,0.0,1,0.009523809523809525
776,107,104,3,425,416,3,3,0,0.007211538461538462,0.007211538461538462,0.0,3,0.028037383177570093
777,107,106,1,427,424,1,1,0,0.0023584905660377358,0.0023584905660377358,0.0,1,0.009345794392523364
778,107,107,0,428,428,0,0,0,0.0,0.0,0.0,0,0.0
779,105,105,0,420,420,0,0,0,0.0,0.0,0.0,0,0.0
780,108,108,0,432,432,0,0,0,0.0,0.0,0.0,0,0.0
781,107,107,0,428,428,0,0,0,0.0,0.0,0.0,0,0.0
782,109,109,0,436,436,0,0,0,0.0,0.0,0.0,0,0.0
783,105,105,0,420,420,0,0,0,0.0,0.0,0.0,0,0.0
784,107,106,1,427,424,1,1,0,0.0023584905660377358,0.0023584905660377358,0.0,1,0.009345794392523364
785,107,105,2,426,420,2,2,0,0.004761904761904762,0.004761904761904762,0.0,2,0.018691588785046728
786,105,105,0,420,420,0,0,0,0.0,0.0,0.0,0,0.0
787,108,108,0,432,432,0,0,0,0.0,0.0,0.0,0,0.0
788,107,107,0,428,428,0,0,0,0.0,0.0,0.0,0,0.0
789,106,106,0,424,424,0,0,0,0.0,0.0,0.0,0,0.0
790,105,104,1,419,416,1,1,0,0.002403846153846154,0.002403846153846154,0.0,1,0.009523809523809525
791,104,104,0,416,416,0,0,0,0.0,0.0,0.0,0,0.0
792,105,105,0,420,420,0,0,0,0.0,0.0,0.0,0,0.0
793,102,102,0,408,408,0,0,0,0.0,0.0,0.0,0,0.0
794,105,105,0,420,420,0,0,0,0.0,0.0,0.0,0,0.0
795,105,105,0,420,420,0,0,0,0.0,0.0,0.0,0,0.0
796,107,106,1,427,424,1,1,0,0.0023584905660377358,0.0023584905660377358,0.0,1,0.009345794392523364
797,105,105,0,420,420,0,0,0,0.0,0.0,0.0,0,0.0
798,105,105,0,420,420,0,0,0,0.0,0.0,0.0,0,0.0
799,108,108,0,432,432,0,0,0,0.0,0.0,0.0,0,0.0
800,107,105,2,426,420,1,2,0,0.002380952380952381,0.004761904761904762,0.0,2,0.018691588785046728
801,106,106,0,424,424,0,0,0,0.0,0.0,0.0,0,0.0
802,106,105,1,423,420,1,1,0,0.002380952380952381,0.002380952380952381,0.0,1,0.009433962264150943
803,105,105,0,420,420,0,0,0,0.0,0.0,0.0,0,0.0
804,107,107,0,428,428,0,0,0,0.0,0.0,0.0,0,0.0
805,109,108,1,435,432,1,1,0,0.0023148148148148147,0.0023148148148148147,0.0,1,0.009174311926605505
806,107,107,0,428,428,0,0,0,0.0,0.0,0.0,0,0.0
807,107,107,0,428,428,0,0,0,0.0,0.0,0.0,0,0.0
808,106,103,3,421,412,3,3,0,0.007281553398058253,0.007281553398058253,0.0,3,0.02830188679245283
809,109,108,1,435,432,1,1,0,0.0023148148148148147,0.0023148148148148147,0.0,1,0.009174311926605505
810,106,106,0,424,424,0,0,0,0.0,0.0,0.0,0,0.0
811,107,107,0,428,428,0,0,0,0.0,0.0,0.0,0,0.0
812,109,109,0,436,436,0,0,0,0.0,0.0,0.0,0,0.0
813,105,105,0,420,420,0,0,0,0.0,0.0,0.0,0,0.0
814,105,105,0,420,420,0,0,0,0.0,0.0,0.0,0,0.0
815,107,107,0,428,428,0,0,0,0.0,0.0,0.0,0,0.0
816,106,106,0,424,424,0,0,0,0.0,0.0,0.0,0,0.0
817,109,108,1,435,432,1,1,0,0.0023148148148148147,0.0023148148148148147,0.0,1,0.009174311926605505
818,105,105,0,420,420,0,0,0,0.0,0.0,0.0,0,0.0
819,109,109,0,436,436,0,0,0,0.0,0.0,0.0,0,0.0
820,108,100,8,424,400,8,8,0,0.02,0.02,0.0,8,0.07407407407407407
821,107,106,1,427,424,1,1,0,0.0023584905660377358,0.0023584905660377358,0.0,1,0.009345794392523364
822,106,106,0,424,424,0,0,0,0.0,0.0,0.0,0,0.0
823,107,107,0,428,428,0,0,0,0.0,0.0,0.0,0,0.0
824,105,104,1,419,416,1,1,0,0.002403846153846154,0.002403846153846154,0.0,1,0.009523809523809525
825,106,106,0,424,424,0,0,0,0.0,0.0,0.0,0,0.0
826,108,108,0,432,432,0,0,0,0.0,0.0,0.0,0,0.0
827,107,107,0,428,428,0,0,0,0.0,0.0,0.0,0,0.0
828,106,106,0,424,424,0,0,0,0.0,0.0,0.0,0,0.0
829,107,107,0,428,428,0,0,0,0.0,0.0,0.0,0,0.0
830,105,105,0,420,420,0,0,0,0.0,0.0,0.0,0,0.0
831,107,107,0,428,428,0,0,0,0.0,0.0,0.0,0,0.0
832,108,108,0,432,432,0,0,0,0.0,0.0,0.0,0,0.0
833,107,107,0,428,428,0,0,0,0.0,0.0,0.0,0,0.0
834,107,107,0,428,428,0,0,0,0.0,0.0,0.0,0,0.0
835,107,107,0,428,428,0,0,0,0.0,0.0,0.0,0,0.0
836,105,105,0,420,420,0,0,0,0.0,0.0,0.0,0,0.0
837,107,106,1,427,424,1,1,0,0.0023584905660377358,0.0023584905660377358,0.0,1,0.009345794392523364
838,106,106,0,424,424,0,0,0,0.0,0.0,0.0,0,0.0
839,107,107,0,428,428,0,0,0,0.0,0.0,0.0,0,0.0
840,105,105,0,420,420,0,0,0,0.0,0.0,0.0,0,0.0
841,103,103,0,412,412,0,0,0,0.0,0.0,0.0,0,0.0
842,106,106,0,424,424,0,0,0,0.0,0.0,0.0,0,0.0
843,107,107,0,428,428,0,0,0,0.0,0.0,0.0,0,0.0
844,106,106,0,424,424,0,0,0,0.0,0.0,0.0,0,0.0
845,106,106,0,424,424,0,0,0,0.0,0.0,0.0,0,0.0
846,105,105,0,420,420,0,0,0,0.0,0.0,0.0,0,0.0
847,106,106,0,424,424,0,0,0,0.0,0.0,0.0,0,0.0
848,105,105,0,420,420,0,0,0,0.0,0.0,0.0,0,0.0
849,105,104,1,419,416,1,1,0,0.002403846153846154,0.002403846153846154,0.0,1,0.009523809523809525
850,105,104,1,419,416,1,1,0,0.002403846153846154,0.002403846153846154,0.0,1,0.009523809523809525
851,107,106,1,427,424,1,1,0,0.0023584905660377358,0.0023584905660377358,0.0,1,0.009345794392523364
852,107,106,1,427,424,1,1,0,0.0023584905660377358,0.0023584905660377358,0.0,1,0.009345794392523364
853,107,107,0,428,428,0,0,0,0.0,0.0,0.0,0,0.0
854,105,104,1,419,416,1,1,0,0.002403846153846154,0.002403846153846154,0.0,1,0.009523809523809525
855,105,105,0,420,420,0,0,0,0.0,0.0,0.0,0,0.0
856,107,107,0,428,428,0,0,0,0.0,0.0,0.0,0,0.0
857,106,106,0,424,424,0,0,0,0.0,0.0,0.0,0,0.0
858,106,106,0,424,424,0,0,0,0.0,0.0,0.0,0,0.0
859,106,106,0,424,424,0,0,0,0.0,0.0,0.0,0,0.0
860,107,106,1,427,424,1,1,0,0.0023584905660377358,0.0023584905660377358,0.0,1,0.009345794392523364
861,107,107,0,428,428,0,0,0,0.0,0.0,0.0,0,0.0
862,106,105,1,423,420,1,1,0,0.002380952380952381,0.002380952380952381,0.0,1,0.009433962264150943
863,105,105,0,420,420,0,0,0,0.0,0.0,0.0,0,0.0
864,105,105,0,420,420,0,0,0,0.0,0.0,0.0,0,0.0
865,106,106,0,424,424,0,0,0,0.0,0.0,0.0,0,0.0
866,104,103,1,415,412,1,1,0,0.0024271844660194173,0.0024271844660194173,0.0,1,0.009615384615384616
867,107,107,0,428,428,0,0,0,0.0,0.0,0.0,0,0.0
868,107,107,0,428,428,0,0,0,0.0,0.0,0.0,0,0.0
869,107,107,0,428,428,0,0,0,0.0,0.0,0.0,0,0.0
870,105,105,0,420,420,0,0,0,0.0,0.0,0.0,0,0.0
871,105,105,0,420,420,0,0,0,0.0,0.0,0.0,0,0.0
872,106,106,0,424,424,0,0,0,0.0,0.0,0.0,0,0.0
873,105,104,1,419,416,0,1,0,0.0,0.002403846153846154,0.0,1,0.009523809523809525
874,109,108,1,435,432,0,1,0,0.0,0.0023148148148148147,0.0,1,0.009174311926605505
875,107,106,1,427,424,1,1,0,0.0023584905660377358,0.0023584905660377358,0.0,1,0.009345794392523364
876,106,106,0,424,424,0,0,0,0.0,0.0,0.0,0,0.0
877,105,105,0,420,420,0,0,0,0.0,0.0,0.0,0,0.0
878,107,107,0,428,428,0,0,0,0.0,0.0,0.0,0,0.0
879,106,104,2,422,416,2,2,0,0.004807692307692308,0.004807692307692308,0.0,2,0.018867924528301886
880,107,107,0,428,428,0,0,0,0.0,0.0,0.0,0,0.0
881,105,104,1,419,416,0,1,0,0.0,0.002403846153846154,0.0,1,0.009523809523809525
882,106,106,0,424,424,0,0,0,0.0,0.0,0.0,0,0.0
883,105,105,0,420,420,0,0,0,0.0,0.0,0.0,0,0.0
884,106,106,0,424,424,0,0,0,0.0,0.0,0.0,0,0.0
885,106,105,1,423,420,1,1,0,0.002380952380952381,0.002380952380952381,0.0,1,0.009433962264150943
886,107,107,0,428,428,0,0,0,0.0,0.0,0.0,0,0.0
887,106,106,0,424,424,0,0,0,0.0,0.0,0.0,0,0.0
888,106,106,0,424,424,0,0,0,0.0,0.0,0.0,0,0.0
889,106,106,0,424,424,0,0,0,0.0,0.0,0.0,0,0.0
890,107,106,1,427,424,0,1,0,0.0,0.0023584905660377358,0.0,1,0.009345794392523364
891,107,107,0,428,428,0,0,0,0.0,0.0,0.0,0,0.0
892,106,106,0,424,424,0,0,0,0.0,0.0,0.0,0,0.0
893,106,106,0,424,424,0,0,0,0.0,0.0,0.0,0,0.0
894,107,107,0,428,428,0,0,0,0.0,0.0,0.0,0,0.0
895,107,107,0,428,428,0,0,0,0.0,0.0,0.0,0,0.0
896,105,104,1,419,416,1,1,0,0.002403846153846154,0.002403846153846154,0.0,1,0.009523809523809525
897,106,106,0,424,424,0,0,0,0.0,0.0,0.0,0,0.0
898,104,104,0,416,416,0,0,0,0.0,0.0,0.0,0,0.0
899,110,109,1,439,436,0,1,0,0.0,0.0022935779816513763,0.0,1,0.00909090909090909
900,106,106,0,424,424,0,0,0,0.0,0.0,0.0,0,0.0
901,107,106,1,427,424,1,1,0,0.0023584905660377358,0.0023584905660377358,0.0,1,0.009345794392523364
902,106,105,1,423,420,1,1,0,0.002380952380952381,0.002380952380952381,0.0,1,0.009433962264150943
903,105,105,0,420,420,0,0,0,0.0,0.0,0.0,0,0.0
904,105,105,0,420,420,0,0,0,0.0,0.0,0.0,0,0.0
905,105,104,1,419,416,1,1,0,0.002403846153846154,0.002403846153846154,0.0,1,0.009523809523809525
906,105,104,1,419,416,1,1,0,0.002403846153846154,0.002403846153846154,0.0,1,0.009523809523809525
907,105,105,0,420,420,0,0,0,0.0,0.0,0.0,0,0.0
908,104,104,0,416,416,0,0,0,0.0,0.0,0.0,0,0.0
909,107,107,0,428,428,0,0,0,0.0,0.0,0.0,0,0.0
910,104,104,0,416,416,0,0,0,0.0,0.0,0.0,0,0.0
911,107,107,0,428,428,0,0,0,0.0,0.0,0.0,0,0.0
912,105,105,0,420,420,0,0,0,0.0,0.0,0.0,0,0.0
913,106,106,0,424,424,0,0,0,0.0,0.0,0.0,0,0.0
914,107,107,0,428,428,0,0,0,0.0,0.0,0.0,0,0.0
915,108,108,0,432,432,0,0,0,0.0,0.0,0.0,0,0.0
916,105,104,1,419,416,1,1,0,0.002403846153846154,0.002403846153846154,0.0,1,0.009523809523809525
917,109,108,1,435,432,1,1,0,0.0023148148148148147,0.0023148148148148147,0.0,1,0.009174311926605505
918,105,105,0,420,420,0,0,0,0.0,0.0,0.0,0,0.0
919,108,108,0,432,432,0,0,0,0.0,0.0,0.0,0,0.0
920,105,105,0,420,420,0,0,0,0.0,0.0,0.0,0,0.0
921,105,105,0,420,420,0,0,0,0.0,0.0,0.0,0,0.0
922,107,105,2,426,420,1,2,0,0.002380952380952381,0.004761904761904762,0.0,2,0.018691588785046728
923,109,109,0,436,436,0,0,0,0.0,0.0,0.0,0,0.0
924,105,105,0,420,420,0,0,0,0.0,0.0,0.0,0,0.0
925,107,106,1,427,424,1,1,0,0.0023584905660377358,0.0023584905660377358,0.0,1,0.009345794392523364
926,107,107,0,428,428,0,0,0,0.0,0.0,0.0,0,0.0
927,106,106,0,424,424,0,0,0,0.0,0.0,0.0,0,0.0
928,106,106,0,424,424,0,0,0,0.0,0.0,0.0,0,0.0
929,107,106,1,427,424,0,1,0,0.0,0.0023584905660377358,0.0,1,0.009345794392523364
930,106,106,0,424,424,0,0,0,0.0,0.0,0.0,0,0.0
931,108,107,1,431,428,0,1,0,0.0,0.002336448598130841,0.0,1,0.009259259259259259
932,107,107,0,428,428,0,0,0,0.0,0.0,0.0,0,0.0
933,105,105,0,420,420,0,0,0,0.0,0.0,0.0,0,0.0
934,107,107,0,428,428,0,0,0,0.0,0.0,0.0,0,0.0
935,106,106,0,424,424,0,0,0,0.0,0.0,0.0,0,0.0
936,107,107,0,428,428,0,0,0,0.0,0.0,0.0,0,0.0
937,106,105,1,423,420,1,1,0,0.002380952380952381,0.002380952380952381,0.0,1,0.009433962264150943
938,105,105,0,420,420,0,0,0,0.0,0.0,0.0,0,0.0
939,105,105,0,420,420,0,0,0,0.0,0.0,0.0,0,0.0
940,104,104,0,416,416,0,0,0,0.0,0.0,0.0,0,0.0
941,104,104,0,416,416,0,0,0,0.0,0.0,0.0,0,0.0
942,105,105,0,420,420,0,0,0,0.0,0.0,0.0,0,0.0
943,107,107,0,428,428,0,0,0,0.0,0.0,0.0,0,0.0
944,106,106,0,424,424,0,0,0,0.0,0.0,0.0,0,0.0
945,105,103,2,418,412,2,2,0,0.0048543689320388345,0.0048543689320388345,0.0,2,0.01904761904761905
946,106,106,0,424,424,0,0,0,0.0,0.0,0.0,0,0.0
947,106,106,0,424,424,0,0,0,0.0,0.0,0.0,0,0.0
948,111,111,0,444,444,0,0,0,0.0,0.0,0.0,0,0.0
949,106,106,0,424,424,0,0,0,0.0,0.0,0.0,0,0.0
950,104,104,0,416,416,0,0,0,0.0,0.0,0.0,0,0.0
951,106,106,0,424,424,0,0,0,0.0,0.0,0.0,0,0.0
952,107,107,0,428,428,0,0,0,0.0,0.0,0.0,0,0.0
953,105,105,0,420,420,0,0,0,0.0,0.0,0.0,0,0.0
954,107,107,0,428,428,0,0,0,0.0,0.0,0.0,0,0.0
955,109,109,0,436,436,0,0,0,0.0,0.0,0.0,0,0.0
956,107,107,0,428,428,0,0,0,0.0,0.0,0.0,0,0.0
957,107,106,1,427,424,1,1,0,0.0023584905660377358,0.0023584905660377358,0.0,1,0.009345794392523364
958,107,107,0,428,428,0,0,0,0.0,0.0,0.0,0,0.0
959,105,105,0,420,420,0,0,0,0.0,0.0,0.0,0,0.0
960,107,107,0,428,428,0,0,0,0.0,0.0,0.0,0,0.0
961,106,106,0,424,424,0,0,0,0.0,0.0,0.0,0,0.0
962,105,105,0,420,420,0,0,0,0.0,0.0,0.0,0,0.0
963,106,105,1,423,420,1,1,1,0.002380952380952381,0.002380952380952381,0.002380952380952381,1,0.009433962264150943
964,105,105,0,420,420,0,0,0,0.0,0.0,0.0,0,0.0
965,105,104,1,419,416,0,1,0,0.0,0.002403846153846154,0.0,1,0.009523809523809525
966,105,103,2,418,412,2,2,0,0.0048543689320388345,0.0048543689320388345,0.0,2,0.01904761904761905
967,107,106,1,427,424,1,1,0,0.0023584905660377358,0.0023584905660377358,0.0,1,0.009345794392523364
968,105,105,0,420,420,0,0,0,0.0,0.0,0.0,0,0.0
969,107,107,0,428,428,0,0,0,0.0,0.0,0.0,0,0.0
970,107,106,1,427,424,1,1,0,0.0023584905660377358,0.0023584905660377358,0.0,1,0.009345794392523364
971,106,106,0,424,424,0,0,0,0.0,0.0,0.0,0,0.0
972,105,105,0,420,420,0,0,0,0.0,0.0,0.0,0,0.0
973,105,105,0,420,420,0,0,0,0.0,0.0,0.0,0,0.0
974,109,109,0,436,436,0,0,0,0.0,0.0,0.0,0,0.0
975,105,105,0,420,420,0,0,0,0.0,0.0,0.0,0,0.0
976,109,109,0,436,436,0,0,0,0.0,0.0,0.0,0,0.0
977,105,105,0,420,420,0,0,0,0.0,0.0,0.0,0,0.0
978,105,105,0,420,420,0,0,0,0.0,0.0,0.0,0,0.0
979,106,106,0,424,424,0,0,0,0.0,0.0,0.0,0,0.0
980,107,107,0,428,428,0,0,0,0.0,0.0,0.0,0,0.0
981,106,106,0,424,424,0,0,0,0.0,0.0,0.0,0,0.0
982,106,106,0,424,424,0,0,0,0.0,0.0,0.0,0,0.0
983,108,108,0,432,432,0,0,0,0.0,0.0,0.0,0,0.0
984,105,105,0,420,420,0,0,0,0.0,0.0,0.0,0,0.0
985,105,105,0,420,420,0,0,0,0.0,0.0,0.0,0,0.0
986,105,105,0,420,420,0,0,0,0.0,0.0,0.0,0,0.0
987,105,105,0,420,420,0,0,0,0.0,0.0,0.0,0,0.0
988,105,105,0,420,420,0,0,0,0.0,0.0,0.0,0,0.0
989,105,104,1,419,416,1,1,0,0.002403846153846154,0.002403846153846154,0.0,1,0.009523809523809525
990,106,106,0,424,424,0,0,0,0.0,0.0,0.0,0,0.0
991,109,108,1,435,432,1,1,0,0.0023148148148148147,0.0023148148148148147,0.0,1,0.009174311926605505
992,106,106,0,424,424,0,0,0,0.0,0.0,0.0,0,0.0
993,105,105,0,420,420,0,0,0,0.0,0.0,0.0,0,0.0
994,105,105,0,420,420,0,0,0,0.0,0.0,0.0,0,0.0
995,108,108,0,432,432,0,0,0,0.0,0.0,0.0,0,0.0
996,107,107,0,428,428,0,0,0,0.0,0.0,0.0,0,0.0
997,107,107,0,428,428,0,0,0,0.0,0.0,0.0,0,0.0
998,105,105,0,420,420,0,0,0,0.0,0.0,0.0,0,0.0
999,106,106,0,424,424,0,0,0,0.0,0.0,0.0,0,0.0
